id,domain,feature,origin,baseline_access,disposition,eligible_gap,ui_entries,agent_path,service_owner,knowledge_owner,evaluation_owner,review,reason,human_path
printform.style.global,Authoring,"Global accent, base font, padding and switches",inventory-66,Tool,agent-callable,no,,apply_operations:set_style,studio-v3/ai-authoring.js,form-authoring,tests/studio-v3-authoring.test.js,proposed,Reachable by current registry,
printform.style.element,Authoring,Heading and page-number typography,inventory-66,Tool,agent-callable,no,,apply_operations:set_element_style,studio-v3/ai-authoring.js,form-authoring,tests/studio-v3-authoring.test.js,proposed,Reachable by current registry,
printform.table.row-fill,Authoring,Table body background and default reset,inventory-66,Tool,agent-callable,no,,apply_operations:set_table_style,studio-v3/ai-authoring.js,form-authoring,tests/studio-v3-authoring.test.js,proposed,Reachable by current registry,
printform.field.properties,Authoring,"Labels, format, show-label and field typography",inventory-66,Tool,agent-callable,no,,apply_operations:set_field,studio-v3/ai-authoring.js,form-authoring,tests/studio-v3-authoring.test.js,proposed,Reachable by current registry,
printform.field.binding,Authoring,Choose compatible scalar binding,inventory-66,Limited,agent-callable,yes,,apply_operations:set_field,studio-v3/ai-chat-protocol.js,form-authoring,tests/studio-v3-ai-authoring.test.js,proposed,Reachable by current registry with listed gap,
printform.field.static,Authoring,Static text authoring,inventory-66,Tool,agent-callable,no,,apply_operations:set_field|add_field,studio-v3/ai-authoring.js,form-authoring,tests/studio-v3-authoring.test.js,proposed,Reachable by current registry,
printform.field.image,Authoring,Image fields using existing assets,inventory-66,Limited,agent-callable,yes,,apply_operations:set_field|add_field,studio-v3/ai-authoring.js,form-authoring,tests/studio-v3-authoring.test.js,proposed,Reachable by current registry with listed gap,
printform.field.add,Authoring,Add fields and table columns,inventory-66,Tool,agent-callable,no,add-field,apply_operations:add_field,studio-v3/ai-authoring.js,form-authoring,tests/studio-v3-authoring.test.js,proposed,Reachable by current registry,
printform.field.remove,Authoring,Remove fields and table columns,inventory-66,Tool,agent-callable,no,remove-field,apply_operations:remove_field,studio-v3/ai-authoring.js,form-authoring,tests/studio-v3-authoring.test.js,proposed,Reachable by current registry,
printform.field.reorder,Authoring,Reorder all fields or columns in a section,inventory-66,Tool,agent-callable,no,move-up;move-down,apply_operations:reorder_fields,studio-v3/ai-authoring.js,form-authoring,tests/studio-v3-authoring.test.js,proposed,Reachable by current registry,
printform.table.column-width,Authoring,Adjust table column width,inventory-66,Tool,agent-callable,no,,apply_operations:set_field,studio-v3/ai-authoring.js,form-authoring,tests/studio-v3-authoring.test.js,proposed,Reachable by current registry,
printform.section.properties,Authoring,"Enable, label, break and keep sections together",inventory-66,Tool,agent-callable,no,,apply_operations:set_section,studio-v3/ai-authoring.js,form-authoring,tests/studio-v3-authoring.test.js,proposed,Reachable by current registry,
printform.section.grid,Authoring,Non-table section grid and gap,inventory-66,Tool,agent-callable,no,,apply_operations:set_section,studio-v3/ai-authoring.js,form-authoring,tests/studio-v3-authoring.test.js,proposed,Reachable by current registry,
printform.section.reorder,Authoring,Reorder the five sections,inventory-66,Tool,agent-callable,no,,apply_operations:reorder_sections,studio-v3/ai-authoring.js,form-authoring,tests/studio-v3-authoring.test.js,proposed,Reachable by current registry,
printform.page.geometry,Authoring,"Paper, orientation and margins",inventory-66,Tool,agent-callable,no,,apply_operations:set_page,studio-v3/ai-authoring.js,form-authoring,tests/studio-v3-authoring.test.js,proposed,Reachable by current registry,
printform.table.collection,Authoring,Select an available row collection,inventory-66,Limited,agent-callable,yes,,apply_operations:set_collection,studio-v3/ai-chat-protocol.js,form-authoring,tests/studio-v3-ai-authoring.test.js,proposed,Reachable by current registry with listed gap,
printform.heading.text,Authoring,Set explicit requested heading,inventory-66,Tool,agent-callable,no,,apply_operations:set_heading,studio-v3/ai-authoring.js,form-authoring,tests/studio-v3-authoring.test.js,proposed,Reachable by current registry,
printform.logo.reference,Authoring,"Set, resize or remove an existing logo",inventory-66,Limited,agent-callable,yes,,apply_operations:set_logo,studio-v3/ai-authoring.js,form-authoring,tests/studio-v3-authoring.test.js,proposed,Reachable by current registry with listed gap,
printform.project.blank,Project,Start a blank form,inventory-66,Unexposed,agent-callable,yes,new;cancel-new,none,planned:CA-04,planned:CA-02,tests/studio-v3-a4-presets.test.js,proposed,Reachable by current registry with listed gap,
printform.project.starter,Project,Start a business demo/template,inventory-66,Unexposed,agent-callable,yes,new,none,planned:CA-04,planned:CA-02,tests/studio-v3-a4-presets.test.js,proposed,Reachable by current registry with listed gap,
printform.design.preset,Project,Use business-specific A4 layout presets,inventory-66,Unexposed,agent-callable,yes,,none,planned:CA-04,planned:CA-02,tests/studio-v3-a4-presets.test.js,proposed,Reachable by current registry with listed gap,
printform.asset.import,Project,Import local raster design assets,inventory-66,Unexposed,human-mediated,no,,none,studio-v3/controller.js,human-docs,tests/studio-v3-document-roundtrip.test.js,proposed,"User-owned file, download, persistence or review step",Asset picker in logo/image field
printform.project.locale-currency,Project,Choose locale and currency,inventory-66,Unexposed,agent-callable,yes,,none,planned:CA-04,planned:CA-02,tests/studio-v3-document-roundtrip.test.js,proposed,Reachable by current registry with listed gap,
printform.project.open,Lifecycle,Open editable v3 JSON or exported HTML,inventory-66,Unexposed,human-mediated,no,open,none,studio-v3/controller.js,human-docs,tests/studio-v3-document-roundtrip.test.js,proposed,"User-owned file, download, persistence or review step",Open button
printform.project.save,Lifecycle,Save editable template including active data,inventory-66,Unexposed,human-mediated,no,save,none,studio-v3/controller.js,human-docs,tests/studio-v3-document-roundtrip.test.js,proposed,"User-owned file, download, persistence or review step",Save button / Ctrl+S
printform.project.export-html,Lifecycle,Export validated standalone HTML,inventory-66,Unexposed,human-mediated,no,export,none,studio-v3/controller.js,human-docs,tests/studio-v3-document-roundtrip.test.js,proposed,"User-owned file, download, persistence or review step",Export button
printform.project.print,Lifecycle,Native browser print,inventory-66,Host,human-mediated,no,print,human action,studio-v3/controller.js,human-docs,tests/studio-v3-document-roundtrip.test.js,proposed,"User-owned file, download, persistence or review step",Print button
printform.project.history,Lifecycle,Committed form Undo/Redo,inventory-66,Host,human-mediated,no,undo;redo,human action,studio-v3/controller.js,human-docs,tests/studio-v3-document-roundtrip.test.js,proposed,"User-owned file, download, persistence or review step",Undo / Redo
printform.proposal.review-apply,Lifecycle,"Preview, Apply and Undo proposal",inventory-66,Host,human-mediated,no,,finish -> human Preview/Apply,studio-v3/agent-tools.js,human-docs,tests/studio-v3-agent-loop.test.js,proposed,"User-owned file, download, persistence or review step",Preview then Apply
printform.data.json-edit,Data,Edit active JSON form data,inventory-66,Unexposed,agent-callable,yes,,none,planned:CA-04,planned:CA-02,tests/studio-v3-document-roundtrip.test.js,proposed,Reachable by current registry with listed gap,
printform.data.sample-switch,Data,Switch synthetic validation samples and restore source,inventory-66,Unexposed,agent-callable,yes,,none,planned:CA-04,planned:CA-02,tests/studio-v3-preview-handshake.test.js,proposed,Reachable by current registry with listed gap,
printform.dataset.list,Data,List compatible saved datasets,inventory-66,Unexposed,agent-callable,yes,,none,planned:CA-04,planned:CA-02,tests/studio-v3-database-controller.test.js,proposed,Reachable by current registry with listed gap,
printform.dataset.read,Data,Read a specific dataset revision,inventory-66,Unexposed,agent-callable,yes,,none,planned:CA-04,planned:CA-02,tests/studio-v3-database-controller.test.js,proposed,Reachable by current registry with listed gap,
printform.dataset.schema,Data,Read local dataset schema,inventory-66,Unexposed,agent-callable,yes,,none,planned:CA-04,planned:CA-02,tests/studio-v3-database-controller.test.js,proposed,Reachable by current registry with listed gap,
printform.dataset.edit,Data,Edit typed data fields and item rows,inventory-66,Unexposed,agent-callable,yes,add-row;delete-row,none,planned:CA-04,planned:CA-02,tests/studio-v3-database-controller.test.js,proposed,Reachable by current registry with listed gap,
printform.dataset.save-copy,Data,Save and Apply or create dataset copy,inventory-66,Unexposed,human-mediated,no,save;copy,none,studio-v3/database-controller.js,human-docs,tests/studio-v3-database-controller.test.js,proposed,"User-owned file, download, persistence or review step",Save / Save as new dataset
printform.dataset.load,Data,Load/reload compatible saved dataset,inventory-66,Unexposed,agent-callable,yes,choose;reload,none,planned:CA-04,planned:CA-02,tests/studio-v3-database-controller.test.js,proposed,Reachable by current registry with listed gap,
printform.dataset.import,Data,Import dataset JSON,inventory-66,Unexposed,human-mediated,no,import;import-data,none,studio-v3/database-controller.js,human-docs,tests/studio-v3-database-controller.test.js,proposed,"User-owned file, download, persistence or review step",Import dataset JSON
printform.dataset.export,Data,Export active or pending dataset JSON,inventory-66,Unexposed,human-mediated,no,,none,studio-v3/database-controller.js,human-docs,tests/studio-v3-database-controller.test.js,proposed,"User-owned file, download, persistence or review step",Dataset export
printform.dataset.delete,Data,Delete saved record while retaining current form,inventory-66,Host,human-mediated,no,delete,human confirmed action,studio-v3/database-controller.js,human-docs,tests/studio-v3-database-controller.test.js,proposed,"User-owned file, download, persistence or review step",Delete saved record
printform.dataset.restore,Data,Restore known starter records,inventory-66,Host,human-mediated,no,reset,human confirmed action,studio-v3/database-controller.js,human-docs,tests/studio-v3-database-controller.test.js,proposed,"User-owned file, download, persistence or review step",Restore starter datasets
printform.dataset.refresh,Data,Refresh local list and cross-tab notices,inventory-66,Unexposed,agent-callable,yes,refresh,none,planned:CA-04,planned:CA-02,tests/studio-v3-database-controller.test.js,proposed,Reachable by current registry with listed gap,
printform.context.structure,Observation,Read semantic structure and binding catalog,inventory-66,Limited,agent-callable,yes,,get_context,studio-v3/ai-chat-protocol.js,human-docs,tests/studio-v3-ai-authoring.test.js,proposed,Reachable by current registry with listed gap,
printform.context.selection,Observation,Apply only explicit selected/reference scope,inventory-66,Limited,agent-callable,yes,,get_context + local scope validator,studio-v3/ai-chat-protocol.js,human-docs,tests/studio-v3-ai-authoring.test.js,proposed,Reachable by current registry with listed gap,
printform.preview.inspect,Observation,Inspect current candidate print geometry and quality,inventory-66,Tool,agent-callable,no,,inspect_draft,studio-v3/preview.js,human-docs,tests/studio-v3-preview-handshake.test.js,proposed,Reachable by current registry,
printform.preview.typography,Observation,Answer measured current print font sizes,inventory-66,Limited,agent-callable,yes,,host facts + question lane,studio-v3/ai-chat-protocol.js,human-docs,tests/studio-v3-ai-authoring.test.js,proposed,Reachable by current registry with listed gap,
printform.validation.matrix,Observation,Validate across multiple synthetic samples,inventory-66,Unexposed,agent-callable,yes,validate-all,none,planned:CA-04,planned:CA-02,tests/studio-v3-preview-handshake.test.js,proposed,Reachable by current registry with listed gap,
printform.workspace.mode,Workspace,Design/Data/Validate and inspector tabs,inventory-66,Host,intentionally-unavailable,no,properties;binding;go-data;go-style;database,human UI navigation,studio-v3/canvas-controls.js,human-docs,tests/studio-v3-page-navigation.test.js,proposed,Host mechanism or view preference; not a model capability,
printform.workspace.structure,Workspace,Search/fold/select structure and locate elements,inventory-66,Host,intentionally-unavailable,no,,human UI navigation,studio-v3/canvas-controls.js,human-docs,tests/studio-v3-page-navigation.test.js,proposed,Host mechanism or view preference; not a model capability,
printform.workspace.pages,Workspace,"Paper zoom, page navigation and thumbnails",inventory-66,Host,intentionally-unavailable,no,preview;previous;next,human UI navigation,studio-v3/canvas-controls.js,human-docs,tests/studio-v3-page-navigation.test.js,proposed,Host mechanism or view preference; not a model capability,
printform.reference.attach,References,"Attach, choose sharing mode, remove or cancel files",inventory-66,Host,human-mediated,no,,human selected attachments,studio-v3/reference-files.js,human-docs,tests/studio-v3-reference-files.test.js,proposed,"User-owned file, download, persistence or review step",Attach reference (+)
printform.reference.pdf-text,References,Read PDF extracted text and positions,inventory-66,Limited,agent-callable,yes,,request referenceDocuments,studio-v3/reference-files.js,human-docs,tests/studio-v3-reference-files.test.js,proposed,Reachable by current registry with listed gap,
printform.reference.visual,References,Use raster or PDF-page reference images,inventory-66,Limited,agent-callable,yes,,initial request images,studio-v3/reference-files.js,human-docs,tests/studio-v3-reference-files.test.js,proposed,Reachable by current registry with listed gap,
printform.reference.element-tags,References,Add to chat with per-element comments,inventory-66,Limited,agent-callable,yes,,host references + get_context,studio-v3/ai-chat-protocol.js,human-docs,tests/studio-v3-ai-authoring.test.js,proposed,Reachable by current registry with listed gap,
printform.agent.draft,Agent runtime,Apply multi-step edits on private draft,inventory-66,Tool,agent-callable,no,,apply_operations,studio-v3/agent-tools.js,form-authoring,tests/studio-v3-agent-loop.test.js,proposed,Reachable by current registry,
printform.agent.undo-step,Agent runtime,Retract the last private draft step,inventory-66,Tool,agent-callable,no,,undo_step,studio-v3/agent-tools.js,form-authoring,tests/studio-v3-agent-loop.test.js,proposed,Reachable by current registry,
printform.agent.notes,Agent runtime,Keep notes while old context is folded,inventory-66,Tool,agent-callable,no,,take_notes,studio-v3/agent-tools.js,form-authoring,tests/studio-v3-agent-loop.test.js,proposed,Reachable by current registry,
printform.agent.finish,Agent runtime,Finish only a successfully inspected current draft,inventory-66,Tool,agent-callable,no,,finish,studio-v3/agent-tools.js,form-authoring,tests/studio-v3-agent-loop.test.js,proposed,Reachable by current registry,
printform.agent.blocked,Agent runtime,Report unsupported work explicitly,inventory-66,Tool,agent-callable,no,,report_blocked,studio-v3/agent-tools.js,form-authoring,tests/studio-v3-agent-loop.test.js,proposed,Reachable by current registry,
printform.agent.stop,Agent runtime,"Stop, invalidate stale runs and preserve committed form",inventory-66,Host,human-mediated,no,,human Stop + host guards,studio-v3/agent-tools.js,form-authoring,tests/studio-v3-agent-loop.test.js,proposed,"User-owned file, download, persistence or review step",Stop request
printform.agent.budgets,Agent runtime,"Time, tool-call, repeated-error and token controls",inventory-66,Host,intentionally-unavailable,no,,host/provider enforcement,studio-v3/ai-gateway-config.js,form-authoring,tests/studio-v3-agent-gateway-loop.test.js,proposed,Host mechanism or view preference; not a model capability,
printform.agent.provider,Agent runtime,Discover model aliases and confirmed image capability,inventory-66,Host,intentionally-unavailable,no,,host model selection,studio-v3/ai-gateway-config.js,form-authoring,tests/studio-v3-agent-gateway-loop.test.js,proposed,Host mechanism or view preference; not a model capability,
printform.agent.transport,Agent runtime,"Text streaming, image requests and fallback lane",inventory-66,Host,intentionally-unavailable,no,,host/provider transport,studio-v3/ai-gateway-config.js,form-authoring,tests/studio-v3-agent-gateway-loop.test.js,proposed,Host mechanism or view preference; not a model capability,
printform.agent.question-route,Agent runtime,Read-only questions and unavailable-tools fallback,inventory-66,Limited,agent-callable,yes,,single-step question/fallback lane,studio-v3/agent-tools.js,form-authoring,tests/studio-v3-agent-loop.test.js,proposed,Reachable by current registry with listed gap,
printform.release.offline,Release,Install hash-verified offline Studio shell,inventory-66,Host,intentionally-unavailable,no,,host PWA/SW,studio-v3/update.js,human-docs,tests/studio-v3-update.test.js,proposed,Host mechanism or view preference; not a model capability,
printform.release.update,Release,Check/update release and recover unsaved work,inventory-66,Host,human-mediated,no,,host guarded update,studio-v3/update.js,human-docs,tests/studio-v3-update.test.js,proposed,"User-owned file, download, persistence or review step",Check for updates
printform.project.rename,Project,Rename template,ca01-reconcile,Not inventoried,agent-callable,yes,,none,planned:CA-04,planned:CA-02,planned:CA-09,proposed,Reversible edit through existing CommandBus; no agent adapter yet,
printform.draft.review,Lifecycle,Unapplied-edit dialog Apply/Discard/Stay,ca01-reconcile,Not inventoried,human-mediated,no,review-drafts;cancel-draft,none,studio-v3/form-drafts.js,human-docs,planned:CA-09,proposed,"User-owned file, download, persistence or review step",
printform.project.replace-guard,Lifecycle,New/Open discard confirmation,ca01-reconcile,Not inventoried,human-mediated,no,,none,studio-v3/app.js,human-docs,planned:CA-09,proposed,"User-owned file, download, persistence or review step",
printform.history.shortcuts,Lifecycle,Ctrl/Cmd+S and Ctrl/Cmd+Z,ca01-reconcile,Not inventoried,intentionally-unavailable,no,,none,studio-v3/app.js,human-docs,planned:CA-09,proposed,Host mechanism or view preference; not a model capability,
printform.issue.locate,Observation,Jump from quality issue to element,ca01-reconcile,Not inventoried,agent-callable,yes,,none,planned:CA-04,planned:CA-02,planned:CA-09,proposed,Reversible edit through existing CommandBus; no agent adapter yet,
printform.preview.rerender,Observation,Force re-render,ca01-reconcile,Not inventoried,human-mediated,no,rerender,none,studio-v3/app.js,human-docs,planned:CA-09,proposed,"User-owned file, download, persistence or review step",
printform.data.rows-page,Data,Page table rows,ca01-reconcile,Not inventoried,agent-callable,yes,next-rows;previous-rows,none,planned:CA-04,planned:CA-02,planned:CA-09,proposed,Reversible edit through existing CommandBus; no agent adapter yet,
printform.data.draft-apply,Data,Apply table draft to active data,ca01-reconcile,Not inventoried,agent-callable,yes,apply-draft,none,planned:CA-04,planned:CA-02,planned:CA-09,proposed,Reversible edit through existing CommandBus; no agent adapter yet,
printform.ai.model-discovery,Agent runtime,"Discover models, choose alias, steps toggle",ca01-reconcile,Not inventoried,human-mediated,no,,none,studio-v3/ai-panel.js,human-docs,planned:CA-09,proposed,"User-owned file, download, persistence or review step",
printform.ai.preview-banner,Agent runtime,Return to or discard unapplied AI preview,ca01-reconcile,Not inventoried,human-mediated,no,,none,studio-v3/ai-panel.js,human-docs,planned:CA-09,proposed,"User-owned file, download, persistence or review step",
printform.ai.clear-conversation,Agent runtime,Clear conversation,ca01-reconcile,Not inventoried,human-mediated,no,,none,studio-v3/ai-panel.js,human-docs,planned:CA-09,proposed,"User-owned file, download, persistence or review step",
printform.update.choice,Release,Keep or discard work on update,ca01-reconcile,Not inventoried,human-mediated,no,,none,studio-v3/update.js,human-docs,planned:CA-09,proposed,"User-owned file, download, persistence or review step",
printform.workspace.layout-toggles,Workspace,"Panel toggles, zoom, fold",ca01-reconcile,Not inventoried,intentionally-unavailable,no,,none,studio-v3/workspace-views.js,human-docs,planned:CA-09,proposed,Host mechanism or view preference; not a model capability,
