{
  "generatedAt": "2026-01-18T05:22:21.276Z",
  "version": "1.0",
  "mainConfig": [
    {
      "key": "papersizeWidth",
      "datasetKey": "papersizeWidth",
      "htmlAttr": "data-papersize-width",
      "type": "Number",
      "defaultValue": 750,
      "category": "纸张尺寸",
      "description": "页面宽度(像素),打印目标应 <= 750px"
    },
    {
      "key": "papersizeHeight",
      "datasetKey": "papersizeHeight",
      "htmlAttr": "data-papersize-height",
      "type": "Number",
      "defaultValue": 1050,
      "category": "纸张尺寸",
      "description": "页面高度(像素)"
    },
    {
      "key": "paperSize",
      "datasetKey": "paperSize",
      "htmlAttr": "data-paper-size",
      "type": "String",
      "defaultValue": "",
      "category": "纸张尺寸",
      "description": "预设纸张大小 (A4, A5, LETTER, LEGAL)",
      "options": [
        "",
        "A4",
        "A5",
        "LETTER",
        "LEGAL"
      ]
    },
    {
      "key": "orientation",
      "datasetKey": "orientation",
      "htmlAttr": "data-orientation",
      "type": "String",
      "defaultValue": "portrait",
      "category": "纸张尺寸",
      "description": "纸张方向",
      "options": [
        "portrait",
        "landscape"
      ]
    },
    {
      "key": "dpi",
      "datasetKey": "dpi",
      "htmlAttr": "data-dpi",
      "type": "Number",
      "defaultValue": 96,
      "category": "纸张尺寸",
      "description": "DPI 设置,用于从预设纸张大小计算像素尺寸"
    },
    {
      "key": "nUp",
      "datasetKey": "nUp",
      "htmlAttr": "data-n-up",
      "type": "Number",
      "defaultValue": 1,
      "category": "N-Up 打印",
      "description": "每个物理页面包含的逻辑页面数量"
    },
    {
      "key": "showLogicalPageNumber",
      "datasetKey": "showLogicalPageNumber",
      "htmlAttr": "data-show-logical-page-number",
      "type": "Boolean",
      "defaultValue": true,
      "category": "N-Up 打印",
      "description": "显示逻辑页码 (Page 1 of 3)"
    },
    {
      "key": "showPhysicalPageNumber",
      "datasetKey": "showPhysicalPageNumber",
      "htmlAttr": "data-show-physical-page-number",
      "type": "Boolean",
      "defaultValue": false,
      "category": "N-Up 打印",
      "description": "显示物理页码 (Sheet 1 of 2)"
    },
    {
      "key": "heightOfDummyRowItem",
      "datasetKey": "heightOfDummyRowItem",
      "htmlAttr": "data-height-of-dummy-row-item",
      "type": "Number",
      "defaultValue": 18,
      "category": "虚拟行填充",
      "description": "虚拟行项目的高度(像素)"
    },
    {
      "key": "repeatHeader",
      "datasetKey": "repeatHeader",
      "htmlAttr": "data-repeat-header",
      "type": "Boolean",
      "defaultValue": true,
      "category": "重复元素",
      "description": "每页重复 .pheader 头部"
    },
    {
      "key": "repeatDocinfo",
      "datasetKey": "repeatDocinfo",
      "htmlAttr": "data-repeat-docinfo",
      "type": "Boolean",
      "defaultValue": true,
      "category": "重复元素",
      "description": "每页重复 .pdocinfo 文档信息"
    },
    {
      "key": "repeatDocinfo002",
      "datasetKey": "repeatDocinfo002",
      "htmlAttr": "data-repeat-docinfo002",
      "type": "Boolean",
      "defaultValue": true,
      "category": "重复元素",
      "description": "每页重复 .pdocinfo002 文档信息"
    },
    {
      "key": "repeatDocinfo003",
      "datasetKey": "repeatDocinfo003",
      "htmlAttr": "data-repeat-docinfo003",
      "type": "Boolean",
      "defaultValue": true,
      "category": "重复元素",
      "description": "每页重复 .pdocinfo003 文档信息"
    },
    {
      "key": "repeatDocinfo004",
      "datasetKey": "repeatDocinfo004",
      "htmlAttr": "data-repeat-docinfo004",
      "type": "Boolean",
      "defaultValue": true,
      "category": "重复元素",
      "description": "每页重复 .pdocinfo004 文档信息"
    },
    {
      "key": "repeatDocinfo005",
      "datasetKey": "repeatDocinfo005",
      "htmlAttr": "data-repeat-docinfo005",
      "type": "Boolean",
      "defaultValue": true,
      "category": "重复元素",
      "description": "每页重复 .pdocinfo005 文档信息"
    },
    {
      "key": "repeatRowheader",
      "datasetKey": "repeatRowheader",
      "htmlAttr": "data-repeat-rowheader",
      "type": "Boolean",
      "defaultValue": true,
      "category": "重复元素",
      "description": "每页重复 .prowheader 表格行头"
    },
    {
      "key": "repeatPtacRowheader",
      "datasetKey": "repeatPtacRowheader",
      "htmlAttr": "data-repeat-ptac-rowheader",
      "type": "Boolean",
      "defaultValue": true,
      "category": "重复元素",
      "description": "PTAC 页面重复 .prowheader 表格行头"
    },
    {
      "key": "repeatFooter",
      "datasetKey": "repeatFooter",
      "htmlAttr": "data-repeat-footer",
      "type": "Boolean",
      "defaultValue": false,
      "category": "重复元素",
      "description": "每页重复 .pfooter 页脚"
    },
    {
      "key": "repeatFooter002",
      "datasetKey": "repeatFooter002",
      "htmlAttr": "data-repeat-footer002",
      "type": "Boolean",
      "defaultValue": false,
      "category": "重复元素",
      "description": "每页重复 .pfooter002 页脚"
    },
    {
      "key": "repeatFooter003",
      "datasetKey": "repeatFooter003",
      "htmlAttr": "data-repeat-footer003",
      "type": "Boolean",
      "defaultValue": false,
      "category": "重复元素",
      "description": "每页重复 .pfooter003 页脚"
    },
    {
      "key": "repeatFooter004",
      "datasetKey": "repeatFooter004",
      "htmlAttr": "data-repeat-footer004",
      "type": "Boolean",
      "defaultValue": false,
      "category": "重复元素",
      "description": "每页重复 .pfooter004 页脚"
    },
    {
      "key": "repeatFooter005",
      "datasetKey": "repeatFooter005",
      "htmlAttr": "data-repeat-footer005",
      "type": "Boolean",
      "defaultValue": false,
      "category": "重复元素",
      "description": "每页重复 .pfooter005 页脚"
    },
    {
      "key": "repeatFooterLogo",
      "datasetKey": "repeatFooterLogo",
      "htmlAttr": "data-repeat-footer-logo",
      "type": "Boolean",
      "defaultValue": false,
      "category": "重复元素",
      "description": "每页重复 .pfooter_logo 页脚 Logo"
    },
    {
      "key": "repeatFooterPagenum",
      "datasetKey": "repeatFooterPagenum",
      "htmlAttr": "data-repeat-footer-pagenum",
      "type": "Boolean",
      "defaultValue": false,
      "category": "重复元素",
      "description": "每页重复 .pfooter_pagenum 页码区域"
    },
    {
      "key": "fillPageHeightAfterFooter",
      "datasetKey": "fillPageHeightAfterFooter",
      "htmlAttr": "data-fill-page-height-after-footer",
      "type": "Boolean",
      "defaultValue": true,
      "category": "虚拟行填充",
      "description": "页脚之后补齐页面高度"
    },
    {
      "key": "insertDummyRowItemWhileFormatTable",
      "datasetKey": "insertDummyRowItemWhileFormatTable",
      "htmlAttr": "data-insert-dummy-row-item-while-format-table",
      "type": "Boolean",
      "defaultValue": true,
      "category": "虚拟行填充",
      "description": "插入虚拟行项目填充剩余空间"
    },
    {
      "key": "insertPtacDummyRowItems",
      "datasetKey": "insertPtacDummyRowItems",
      "htmlAttr": "data-insert-ptac-dummy-row-items",
      "type": "Boolean",
      "defaultValue": true,
      "category": "虚拟行填充",
      "description": "PTAC 页面允许虚拟行项目"
    },
    {
      "key": "insertDummyRowWhileFormatTable",
      "datasetKey": "insertDummyRowWhileFormatTable",
      "htmlAttr": "data-insert-dummy-row-while-format-table",
      "type": "Boolean",
      "defaultValue": false,
      "category": "虚拟行填充",
      "description": "插入单个完整高度虚拟表格"
    },
    {
      "key": "insertFooterSpacerWhileFormatTable",
      "datasetKey": "insertFooterSpacerWhileFormatTable",
      "htmlAttr": "data-insert-footer-spacer-while-format-table",
      "type": "Boolean",
      "defaultValue": true,
      "category": "虚拟行填充",
      "description": "在页脚前插入间隔符"
    },
    {
      "key": "insertFooterSpacerWithDummyRowItemWhileFormatTable",
      "datasetKey": "insertFooterSpacerWithDummyRowItemWhileFormatTable",
      "htmlAttr": "data-insert-footer-spacer-with-dummy-row-item-while-format-table",
      "type": "Boolean",
      "defaultValue": true,
      "category": "虚拟行填充",
      "description": "使用虚拟行项目填充页脚间隔"
    },
    {
      "key": "customDummyRowItemContent",
      "datasetKey": "customDummyRowItemContent",
      "htmlAttr": "data-custom-dummy-row-item-content",
      "type": "String",
      "defaultValue": "",
      "category": "虚拟行填充",
      "description": "自定义虚拟行项目 HTML 内容"
    },
    {
      "key": "debug",
      "datasetKey": "debug",
      "htmlAttr": "data-debug",
      "type": "Boolean",
      "defaultValue": false,
      "category": "调试",
      "description": "启用详细控制台日志"
    }
  ],
  "paddtConfig": [
    {
      "key": "repeatPaddt",
      "datasetKey": "repeatPaddt",
      "htmlAttr": "data-repeat-paddt",
      "type": "Boolean",
      "defaultValue": true,
      "category": "PADDT",
      "description": "重复 PADDT (保留,暂未使用)"
    },
    {
      "key": "insertPaddtDummyRowItems",
      "datasetKey": "insertPaddtDummyRowItems",
      "htmlAttr": "data-insert-paddt-dummy-row-items",
      "type": "Boolean",
      "defaultValue": true,
      "category": "PADDT",
      "description": "PADDT 页面允许虚拟行项目"
    },
    {
      "key": "paddtMaxWordsPerSegment",
      "datasetKey": "paddtMaxWordsPerSegment",
      "htmlAttr": "data-paddt-max-words-per-segment",
      "type": "Number",
      "defaultValue": 200,
      "category": "PADDT",
      "description": "每个 PADDT 段落的最大单词数"
    },
    {
      "key": "repeatPaddtRowheader",
      "datasetKey": "repeatPaddtRowheader",
      "htmlAttr": "data-repeat-paddt-rowheader",
      "type": "Boolean",
      "defaultValue": true,
      "category": "PADDT",
      "description": "PADDT 页面重复行头"
    },
    {
      "key": "paddtDebug",
      "datasetKey": "paddtDebug",
      "htmlAttr": "data-paddt-debug",
      "type": "Boolean",
      "defaultValue": false,
      "category": "PADDT",
      "description": "启用 PADDT 调试日志"
    },
    {
      "key": "repeatPaddtDocinfo",
      "datasetKey": "repeatPaddtDocinfo",
      "htmlAttr": "data-repeat-paddt-docinfo",
      "type": "Boolean",
      "defaultValue": true,
      "category": "PADDT",
      "description": "PADDT 页面重复 .pdocinfo 文档信息"
    },
    {
      "key": "repeatPaddtDocinfo002",
      "datasetKey": "repeatPaddtDocinfo002",
      "htmlAttr": "data-repeat-paddt-docinfo002",
      "type": "Boolean",
      "defaultValue": true,
      "category": "PADDT",
      "description": "PADDT 页面重复 .pdocinfo002 文档信息"
    },
    {
      "key": "repeatPaddtDocinfo003",
      "datasetKey": "repeatPaddtDocinfo003",
      "htmlAttr": "data-repeat-paddt-docinfo003",
      "type": "Boolean",
      "defaultValue": true,
      "category": "PADDT",
      "description": "PADDT 页面重复 .pdocinfo003 文档信息"
    },
    {
      "key": "repeatPaddtDocinfo004",
      "datasetKey": "repeatPaddtDocinfo004",
      "htmlAttr": "data-repeat-paddt-docinfo004",
      "type": "Boolean",
      "defaultValue": true,
      "category": "PADDT",
      "description": "PADDT 页面重复 .pdocinfo004 文档信息"
    },
    {
      "key": "repeatPaddtDocinfo005",
      "datasetKey": "repeatPaddtDocinfo005",
      "htmlAttr": "data-repeat-paddt-docinfo005",
      "type": "Boolean",
      "defaultValue": true,
      "category": "PADDT",
      "description": "PADDT 页面重复 .pdocinfo005 文档信息"
    }
  ]
}